<?xml version='1.0' encoding='UTF-8'?>
<DEFECTS><DEFECT><SFA><FILEPATH>c:\users\u1012367\documents\visual studio 2015\projects\raytracer\</FILEPATH><FILENAME>tinyxml.cpp</FILENAME><LINE>122</LINE><COLUMN>20</COLUMN></SFA><DEFECTCODE>6054</DEFECTCODE><DESCRIPTION>String 'buf' might not be zero-terminated.</DESCRIPTION><FUNCTION>TiXmlBase::EncodeString</FUNCTION><DECORATED>?EncodeString@TiXmlBase@@SAXABVTiXmlString@@PAV2@@Z</DECORATED><FUNCLINE>52</FUNCLINE><PROBABILITY>1</PROBABILITY><RANK>3</RANK><CATEGORY><RULECATEGORY>mspft</RULECATEGORY></CATEGORY><PATH><SFA><FILEPATH>c:\users\u1012367\documents\visual studio 2015\projects\raytracer\</FILEPATH><FILENAME>tinyxml.cpp</FILENAME><LINE>54</LINE><COLUMN>5</COLUMN></SFA><SFA><FILEPATH>c:\users\u1012367\documents\visual studio 2015\projects\raytracer\</FILEPATH><FILENAME>tinyxml.cpp</FILENAME><LINE>56</LINE><COLUMN>9</COLUMN></SFA><SFA><FILEPATH>c:\users\u1012367\documents\visual studio 2015\projects\raytracer\</FILEPATH><FILENAME>tinyxml.cpp</FILENAME><LINE>58</LINE><COLUMN>16</COLUMN></SFA><SFA><FILEPATH>c:\users\u1012367\documents\visual studio 2015\projects\raytracer\</FILEPATH><FILENAME>tinyxml.cpp</FILENAME><LINE>63</LINE><COLUMN>4</COLUMN></SFA><SFA><FILEPATH>c:\users\u1012367\documents\visual studio 2015\projects\raytracer\</FILEPATH><FILENAME>tinyxml.cpp</FILENAME><LINE>83</LINE><COLUMN>14</COLUMN></SFA><SFA><FILEPATH>c:\users\u1012367\documents\visual studio 2015\projects\raytracer\</FILEPATH><FILENAME>tinyxml.cpp</FILENAME><LINE>88</LINE><COLUMN>14</COLUMN></SFA><SFA><FILEPATH>c:\users\u1012367\documents\visual studio 2015\projects\raytracer\</FILEPATH><FILENAME>tinyxml.cpp</FILENAME><LINE>93</LINE><COLUMN>14</COLUMN></SFA><SFA><FILEPATH>c:\users\u1012367\documents\visual studio 2015\projects\raytracer\</FILEPATH><FILENAME>tinyxml.cpp</FILENAME><LINE>98</LINE><COLUMN>14</COLUMN></SFA><SFA><FILEPATH>c:\users\u1012367\documents\visual studio 2015\projects\raytracer\</FILEPATH><FILENAME>tinyxml.cpp</FILENAME><LINE>103</LINE><COLUMN>14</COLUMN></SFA><SFA><FILEPATH>c:\users\u1012367\documents\visual studio 2015\projects\raytracer\</FILEPATH><FILENAME>tinyxml.cpp</FILENAME><LINE>108</LINE><COLUMN>14</COLUMN></SFA><SFA><FILEPATH>c:\users\u1012367\documents\visual studio 2015\projects\raytracer\</FILEPATH><FILENAME>tinyxml.cpp</FILENAME><LINE>112</LINE><COLUMN>8</COLUMN><KEYEVENT><ID>1</ID><KIND>declaration</KIND><IMPORTANCE>Essential</IMPORTANCE><MESSAGE>This expression may not zero-terminate 'buf'</MESSAGE></KEYEVENT></SFA><SFA><FILEPATH>c:\users\u1012367\documents\visual studio 2015\projects\raytracer\</FILEPATH><FILENAME>tinyxml.cpp</FILENAME><LINE>115</LINE><COLUMN>18</COLUMN><KEYEVENT><ID>2</ID><KIND>declaration</KIND><IMPORTANCE>Full</IMPORTANCE><MESSAGE>'buf' is an Output from '_snprintf_s' (declared at c:\program files (x86)\windows kits\10\include\10.0.10150.0\ucrt\stdio.h:2070)</MESSAGE></KEYEVENT></SFA><SFA><FILEPATH>c:\users\u1012367\documents\visual studio 2015\projects\raytracer\</FILEPATH><FILENAME>tinyxml.cpp</FILENAME><LINE>122</LINE><COLUMN>20</COLUMN><KEYEVENT><ID>3</ID><KIND>usage</KIND><IMPORTANCE>Full</IMPORTANCE><MESSAGE>'buf' is an Input to 'strlen' (declared at c:\program files (x86)\windows kits\10\include\10.0.10150.0\ucrt\string.h:215)</MESSAGE></KEYEVENT></SFA><SFA><FILEPATH>c:\users\u1012367\documents\visual studio 2015\projects\raytracer\</FILEPATH><FILENAME>tinyxml.cpp</FILENAME><LINE>122</LINE><COLUMN>20</COLUMN><KEYEVENT><ID>4</ID><KIND>usage</KIND><IMPORTANCE>Essential</IMPORTANCE><MESSAGE>'buf' is required to be zero-terminated by a SAL annotation on 'strlen'</MESSAGE></KEYEVENT></SFA></PATH></DEFECT></DEFECTS>