<?xml version='1.0' encoding='UTF-8'?>
<DEFECTS><DEFECT><SFA><FILEPATH>c:\users\u1012367\documents\visual studio 2015\projects\raytracer\</FILEPATH><FILENAME>viewport.cpp</FILENAME><LINE>308</LINE><COLUMN>8</COLUMN></SFA><DEFECTCODE>6340</DEFECTCODE><DESCRIPTION>Mismatch on sign: 'unsigned char' passed as _Param_(4) when some signed type is required in call to 'printf'.</DESCRIPTION><FUNCTION>PrintPixelData</FUNCTION><DECORATED>?PrintPixelData@@YAXHH@Z</DECORATED><FUNCLINE>302</FUNCLINE><PATH/></DEFECT><DEFECT><SFA><FILEPATH>c:\users\u1012367\documents\visual studio 2015\projects\raytracer\</FILEPATH><FILENAME>viewport.cpp</FILENAME><LINE>308</LINE><COLUMN>8</COLUMN></SFA><DEFECTCODE>6340</DEFECTCODE><DESCRIPTION>Mismatch on sign: 'unsigned char' passed as _Param_(5) when some signed type is required in call to 'printf'.</DESCRIPTION><FUNCTION>PrintPixelData</FUNCTION><DECORATED>?PrintPixelData@@YAXHH@Z</DECORATED><FUNCLINE>302</FUNCLINE><PATH/></DEFECT><DEFECT><SFA><FILEPATH>c:\users\u1012367\documents\visual studio 2015\projects\raytracer\</FILEPATH><FILENAME>viewport.cpp</FILENAME><LINE>308</LINE><COLUMN>8</COLUMN></SFA><DEFECTCODE>6340</DEFECTCODE><DESCRIPTION>Mismatch on sign: 'unsigned char' passed as _Param_(6) when some signed type is required in call to 'printf'.</DESCRIPTION><FUNCTION>PrintPixelData</FUNCTION><DECORATED>?PrintPixelData@@YAXHH@Z</DECORATED><FUNCLINE>302</FUNCLINE><PATH/></DEFECT></DEFECTS>